chat_id,role,content
1,assistant,Hey! How can I help you?
1,user,hi
1,assistant,"Hey! Hello there again! 👋 It’s great to say hi with you. 

How is everything going on your end? Did I miss anything from our previous chat that you needed more help with? Or are we starting something completely new today?"
1,user,tell me about ai
1,assistant,"Artificial Intelligence (AI), also known as intelligent machines or synthetic intelligence, is a branch of computer science focused on creating systems capable of performing tasks that typically require human intelligence—like learning, reasoning, problem-solving, and even understanding natural language! 🤖✨

Here's a quick breakdown to give you an overview:

### 1. What Does AI Actually Do?
While it can simulate things like logic or creativity at different levels depending on the model, in simple terms: **AI helps computers analyze data better than humans.** It uses mathematical models (like neural networks) that mimic how biological brains work. This is where most of your interactions with me come from!

### 2. Current vs. Future
It's important to distinguish between what exists today and the future possibilities:
*   **Narrow AI:** Specialized systems designed for specific tasks (e.g., facial recognition, chess-playing bots like AlphaZero). *Most modern ""AI"" is narrow.*
*   **Artificial General Intelligence (AGI):** A theoretical form of intelligence that can reason and learn in a broad range of contexts just like humans. This hasn't been realized yet—but it's what science fiction often talks about!

### 3. How It Works Today 🧠🤖
Today, AI is mostly driven by:
*   **Machine Learning:** Teaching systems to improve automatically through data exposure rather than explicit programming rules.
*   **Deep Learning:** A subset using neural networks with many layers for complex tasks like image recognition or NLP (Natural Language Processing).

### 4. Where Do You See It?
From the apps you use daily, AI powers:
*   ✨ Recommendation engines (Netflix/Spotify)
*   📸 Filters and FaceID on your phone
*   ♿ Voice assistants (Siri/Alexa) & Translation tools like Google Translate
*   💼 Automated finance analysis or healthcare diagnostics

### 5. The Debate: Benefits vs. Risks ⚖️
AI is a tool, but it brings questions that society is still figuring out together:
*   **Opportunities:** It boosts efficiency and innovation in science, medicine, etc. 🌐🏥
*   **Challenges:** There are concerns about data privacy, bias (since AI learns from existing human patterns), automation of jobs, and ethical issues regarding decision-making autonomy.

**Would you like to dive deeper into any part?** For example: how do I actually ""learn""? How is it different from a robot? Or what does the future look for *you* specifically in this space? 🤗"
1,user,hi
1,assistant,Hi there! 👋 How are you doing today? Is there anything I can help you with?
